elevation,slope,road_density,gdp_per_capita,pop_density,river_dist,farmland_ratio
0.01632901767953504,0.004037002060024059,0.030835965975902158,0.8630067202390016,0.00832800765625722,0.04190253884034575,0.035560747548934325
0.012229776904849903,0.0,0.0312769713789231,0.8834266112418493,0.0,0.04689736689344637,0.02616927358093144
0.0023344209940754286,0.0,0.02300073366938393,0.916951286226849,0.0,0.03492369154548296,0.022789867564208918
0.02289332168537624,0.015160401709176374,0.012050212705312638,0.8453227331896168,0.0,0.06283233220311168,0.0417409985074062
0.021915990141792383,0.0,0.02800189232336301,0.824710706754676,0.009342125911479161,0.05750259443418957,0.05852669043449986
0.0,0.0,0.0,0.9176572392628263,0.0,0.06896445535897078,0.013378305378203007
0.015527505508234259,0.0,0.0169635891849026,0.8974295213083842,0.014550952672066278,0.04592261653813266,0.009605814788279994
0.013899467487400048,0.010304103941616492,0.039420643217217034,0.8513443366136707,0.016033847727537357,0.046183790278628505,0.022813810733929827
0.0027193829541917545,0.0,0.005374310955984647,0.9628035782594735,0.0,0.02910272783035012,0.0
0.028879377779715852,0.0013471672104206007,0.02703302630676809,0.7981905048433455,0.024808244050664036,0.07540767741675401,0.044334002392331845
0.01729113589581957,0.0,0.03104011048127827,0.8559375551465103,0.01598575590717034,0.04511742135756446,0.03462802121165707
0.010971315565992354,0.010126584174462282,0.024638524720344116,0.8422715441293734,0.03053497684510316,0.047857567415668996,0.03359948714905574
0.0,0.0,0.010282591869053715,0.93380833460249,0.0,0.055909073528456185,0.0
0.007515991209615327,0.00997642796326269,0.018383920347904033,0.8975409438072808,0.0,0.05460379741723132,0.011978919254705843
0.0,0.0,0.024488406413558473,0.8653463938933287,0.0,0.07961800666874043,0.030547193024372477
0.0,0.0,0.02195367085445331,0.8432725566075246,0.018922083961531385,0.08020302060537635,0.03564866797111414
0.006720659423949921,0.0004941014273630955,0.01596041339701207,0.8950357599623714,0.0,0.07396262037051093,0.007826445418792639
0.010879346120876408,0.0,0.02599945321473305,0.8965068054462537,0.016817444125257475,0.046093503241079116,0.003703447851800247
0.001911028626353377,0.0,0.021751818373931163,0.8614982501302854,0.007728442380432936,0.0764543072210254,0.030656153267971664
0.0,0.0,0.011559447591044197,0.9092311378384146,0.0,0.029946905207617634,0.04926250936292355
0.018369886169609162,0.0,0.033914283726502875,0.8659437145559857,0.0,0.07991916451088626,0.001852951037015827
0.0,0.009622032183445902,0.006958297354598629,0.8667207352627292,0.0,0.09838524285083643,0.018313692348389813
0.0,0.0,0.002991602078006621,0.9120476926398047,0.0,0.05457826448138052,0.030382440800808232
0.0,0.020920969781379042,0.03377286586676188,0.8271594736576016,0.0013481066308608308,0.08019071322349265,0.03660787083990403
0.021100616555755167,0.0029013447093553797,0.028230645947941876,0.8551651911456554,0.0015401126822116712,0.06912062279986918,0.02194146615921134
0.0,0.0,0.0,0.949929988932912,0.002880015642704643,0.03410742953636255,0.013082565888020755
0.0,0.0,0.0019830512105847176,0.9593907112569643,0.01472780089205037,0.02389843664040054,0.0
0.0,0.0,0.0016956684452495382,0.9182302936909659,0.002586155066173209,0.05095140775458431,0.026536475043027023
0.0,0.0,0.0006216780793032545,0.9009589839580852,0.001472658915854473,0.049741932717493116,0.04720474632926401
0.013852122286425727,0.011215367669133613,0.0,0.8750602381821295,0.0,0.06656029728774993,0.03331197457456122
0.0,0.005650225165556797,0.02265940277704584,0.9066406166048542,0.006315194451890551,0.046651172625511876,0.012083388375140778
0.0027166038173729195,0.012468349257330466,0.023275666913921866,0.9148340321139004,0.0,0.04059206539307666,0.006113282504397631
0.004879149844570247,0.0,0.0032004932925437384,0.9102796075107091,0.010291274904742053,0.0558487887772153,0.015500685670219509
0.013028357649808699,0.0,0.02267666637178543,0.8697180833545596,0.0,0.07684666956430991,0.017730223059536292
0.0012203070452932053,0.0,0.014985755425163042,0.9111828507428007,0.01699224471722532,0.04038396216315538,0.015234879906362528
0.0,0.0,0.00015954666422284523,0.9222577397823613,0.0017709499312018552,0.056994141483728215,0.01881762213848591
0.0026349119281348227,0.0,0.013766851663120321,0.9149909591237564,0.0,0.04223931363282226,0.02636796365216622
0.0015171593735966364,0.0,0.010791541567260731,0.8732131944814269,0.0,0.07132899613152346,0.043149108446192325
0.0007360734969457758,0.0,0.03683034792236828,0.8846093483302612,0.0,0.04968710460686122,0.028137125643563604
0.007758315575020258,0.0,0.007682179471460391,0.9210633982596718,0.0,0.04426611976530259,0.019229986928544957
0.017131310648917954,0.004520076323414058,0.01986005950481569,0.860313031688008,0.0,0.06140369083956104,0.036771830995283236
0.0,0.005913854667194509,0.028282479979882636,0.8564843223600616,0.0,0.09074168258554202,0.018577660407319424
0.0034700756261164304,0.003922325103090072,0.015649866429846174,0.8946618373194558,0.0,0.0776503181357209,0.0046455773857706365
0.018687842676266313,0.0,0.017737948279855167,0.8835001739383964,0.0,0.07229118817029175,0.00778284693519032
0.006351775807338596,0.003614693902595376,0.05948484038978675,0.8171022225142478,0.010590063553091719,0.08286080834261424,0.019995595490325428
0.012268854926356515,0.0,0.021384661941171383,0.8381303728794132,0.0,0.07433009927416448,0.05388601097889462
0.0,0.0,0.00427741199541977,0.8905435651128282,0.0,0.08763170298908475,0.017547319902667318
0.012828923017831853,0.0,0.03122667631965847,0.8693355858102525,0.0,0.07321303744430191,0.013395777407955247
0.0,0.0,0.018208752088446554,0.9191039109132522,0.0,0.06268733699830124,0.0
0.0,0.0,0.0,0.9118845180993684,0.0,0.08811548190063159,0.0
0.0015743425073139823,0.0011997565529903338,0.005850301434023378,0.9253152105340922,0.0,0.05247392141468409,0.013586467556896008
0.0,0.0014530871529859076,0.02863501916618022,0.9065553228942085,0.0,0.046181055316976125,0.017175515469649356
0.0,0.0,0.026550155722476147,0.9046006153525357,0.0,0.054928417187531976,0.013920811737456094
0.013985359844442262,0.0,0.0,0.895094402977488,0.01684107796358164,0.0444028236455665,0.02967633556892146
0.0,0.0,0.020894084326990116,0.9123340419294206,0.0,0.06677187374358941,0.0
0.0019362156470311795,0.0022330705686117924,0.02705590422394188,0.8797675411949315,0.007723939309075319,0.04793457893766093,0.033348750118747196
0.014155908234642528,0.0,0.0,0.9674246390736507,0.0,0.01422916311833659,0.0041902895733701455
0.0,0.0,0.013927869076167672,0.9238946074266532,0.0,0.03686633544503552,0.025311188052143493
0.008519854492512913,0.0016724220660683327,0.044485524183330676,0.8596823482032325,0.0,0.05847521708936766,0.027164633965487926
0.0,0.0,0.010273943762713029,0.9052831666411969,0.0,0.056626388447814306,0.027816501148275708
0.0,0.0,0.008435098687135665,0.895530209296324,0.0,0.05187766760320084,0.04415702441333959
0.015638689490285494,0.0,0.003941440518166336,0.8981844620660204,0.0023128038849849924,0.0665806970955099,0.0133419069450329
0.008842373007326538,0.0,0.030697257708882267,0.896325000419291,0.0,0.05591078867440445,0.008224580190095985
0.00244273736995501,0.013103260740890254,0.00260631642339875,0.9148723795344629,0.0,0.05650926391016004,0.010466042021133173
0.00789950305419271,0.0,0.019707460468230922,0.8550398042715354,0.0,0.0691186367969546,0.0482345954090863
0.006598682410716337,0.0,0.010151420865961283,0.8960609339398048,0.0,0.059747181254038564,0.027441781529479268
0.0,0.005353883240761172,0.020874328321439838,0.9050442566380169,0.0,0.06872753179978207,0.0
0.0034264849921536444,0.0,0.025358640567768022,0.8915128806136174,0.0,0.06361537617200295,0.016086617654457968
0.025800278852113907,0.0,0.05289238878902655,0.8444304267221068,0.0,0.07571159982543002,0.0011653058113228654
0.0015884512487990637,0.0,0.023689190339839163,0.8930643493242414,0.00404246329581632,0.07260988684506743,0.005005658946236726
0.0,0.0030534555053982108,0.01906085570319296,0.878831696976575,0.013847613888297137,0.08029185639516728,0.004914521531369519
0.032670770889763744,0.01923683974862506,0.0,0.8596748474294545,0.003868814064049074,0.06852985155484409,0.016018876313263573
0.012507960358202962,0.0029514605855242263,0.011469422678367192,0.8664003517499278,0.0,0.06395767442976608,0.042713130198211706
0.005495313101789366,0.0,0.0,0.9143187052740107,0.0,0.058427041005312486,0.02175894061888743
0.0,0.0,0.015098194414319454,0.8861488219457607,0.0,0.08670693019466752,0.012046053445252277
0.0,0.0,0.01886788174472487,0.9070771189464641,0.003218003417055785,0.040726748512561424,0.030110247379193635
0.0,0.0,0.013971809147063587,0.9084059381667543,0.009840121220212146,0.05364677001416204,0.01413536145180816
0.011679690952401426,0.0,0.015051095743459053,0.9084168925099257,0.009860851295407405,0.04536531689225686,0.009626152606549643
0.02083136321297727,0.0,0.02552987116335542,0.9000083598881798,0.00027327644560798734,0.03278313564461096,0.020573993645268417
0.0,0.0,0.004405645634494004,0.949474369996963,0.0,0.03558261705296849,0.010537367315574565
0.0,0.026106000052415864,0.02162265108805993,0.8794280316652237,0.0007455335770291053,0.03604579505524653,0.03605198856202493
0.0,0.0,0.003293498235966243,0.9502451218616346,0.001311838488067993,0.045149541414331314,0.0
0.0,0.0,0.004521686486757975,0.8912349693635238,0.0,0.06657427467568815,0.037669069474030176
0.0,0.0,0.024691491279065923,0.8851986685526253,0.0,0.043455999031267685,0.0466538411370411
0.003423391050160999,0.0,0.0,0.9191122113790658,0.0,0.052262404689006114,0.02520199288176708
0.012568121968901074,0.0,0.0,0.9174815762725246,0.0,0.06995030175857443,0.0
0.0,0.0,0.0,0.9142621905934597,0.0,0.06882649334649629,0.016911316060043993
0.011030723731302879,0.012396504328448918,0.02838040582149335,0.8398246990964384,0.004179108538456273,0.07283939595348309,0.03134916253037692
0.0,0.00014984307185961836,0.004223966398688266,0.9069031749423289,0.0,0.0653442543459159,0.023378761241207264
0.0,0.0,0.009530645678954886,0.894411346134643,0.0,0.06524463330366141,0.030813374882740822
0.0,0.0,0.014404577458898988,0.9227250655414029,0.0,0.046788293675847276,0.016082063323851
0.020097707156667293,0.0,0.0053248989958674066,0.8790929708327897,0.0,0.07167804465905053,0.023806378355625102
0.0,0.0,0.041690405497103164,0.8659685215815632,0.0006413914325981287,0.07968019255723098,0.01201948893150469
0.026081884153991455,0.0,0.02117713168230129,0.83088471613859,0.019531003801791097,0.07755977715614919,0.024765487067176916
0.01798376327552384,0.013227345812015116,0.028378477065602186,0.8886315882630624,0.0,0.03839847102826515,0.013380354555531352
0.01160299788784975,0.0,0.011157288815918159,0.8677350943008239,0.004904241446248134,0.0715035447665604,0.033096832782599485
0.0038479806906892913,0.0,0.05147699184972657,0.8360163768053074,0.0,0.09871036875465572,0.009948281899621022
0.0,0.018385770569616648,0.03636883245658432,0.8901605026453502,0.0,0.05508489432844884,0.0
0.011208162153729403,0.0,0.036319926720966136,0.8521196093744846,0.0,0.08593347424430535,0.014418827506514537
0.0,0.0,0.0036488150935846137,0.8900286316853269,0.009221644388016415,0.07528634751291169,0.021814561320160537
0.005653014936966769,0.0,0.010934838047940305,0.8815335721902215,0.0,0.05444539400203956,0.0474331808228319
0.014439584254434463,0.0,0.024560869617170075,0.8725802631861596,0.0,0.05857718706590969,0.029842095876326205
0.0,0.0,0.008184840025540598,0.9498493063262499,0.0,0.04196585364820953,0.0
0.0022383892686630804,0.005239461062979524,0.021125633198562303,0.8669961338236151,0.0,0.0637742161906276,0.04062616645555248
0.0,0.0,0.0,0.9673724381895357,0.0,0.026138323338313844,0.006489238472150468
0.0,0.007359323301448682,0.0,0.951284283435485,0.0,0.037974868598685235,0.0033815246643809737
0.017161541337527193,0.01285757424393165,0.026841568006163923,0.8494715325521244,0.0,0.060839025111947186,0.03282875874830571
0.017579089454535107,0.0,0.02475012184031219,0.9166434059328519,0.0,0.04102738277230076,0.0
0.0,0.0,0.008246322228617336,0.9308428715114494,0.0,0.060910806259933364,0.0
0.007613718951888469,0.0,0.0,0.9208407906581906,0.0,0.03995879822456317,0.0315866921653578
0.0,0.0,0.026203543722922072,0.9063198754581048,0.0,0.033266674775676776,0.03420990604329642
0.006316825482654735,0.009180743537603345,0.01408917445236722,0.8885547510736704,0.0,0.04357527429486766,0.038283231158836584
0.011416608739897856,0.009466199716497812,0.02698347512412287,0.9122538452501373,0.0,0.03987987116934406,0.0
0.021853245863852715,0.003953578452981514,0.036737723661163735,0.8691206730137546,0.0,0.042269856212726616,0.02606492279552091
0.0,0.0,0.0,0.9660563665119446,0.0,0.03186646367656848,0.002077169811486891
0.0,0.0,0.016399790767037393,0.8574060824558895,0.02237140901193102,0.05492914393597982,0.04889357382916222
0.0,0.0,0.00747906256393185,0.9509323146068621,0.0,0.04158862282920608,0.0
0.0,0.0,0.008554163634994545,0.9188520626387194,0.0,0.07259377372628599,0.0
0.0,0.0,0.014938921862193503,0.875580269502764,0.0,0.07162391968848304,0.03785688894655946
0.023731697203493544,0.02143468975985687,0.0354971532981084,0.8057948035825168,0.005776839380897599,0.07864065798476608,0.029124158790360895
0.012202537338835924,0.0,0.020434271584490623,0.8432296569715821,0.020671587136762423,0.06914936509335771,0.034312581874971285
0.002746391742866989,0.0,0.0,0.9161024201805897,0.0,0.0683900944943682,0.012761093582175118
0.0,0.008739771945801248,0.03829563084461552,0.8852357593302167,0.0,0.05893275916456879,0.008796078714797949
0.009648274002614275,0.0,0.0022525448992986668,0.9128747907927661,0.0,0.07522439030532095,0.0
0.0163175381465261,0.0,0.013077766652979005,0.848240475959307,0.0,0.08236021894546501,0.040004000295722895
0.0,0.00040164379820718717,0.006110967180358427,0.9324419462166997,0.0,0.0354365088152603,0.025608933989474406
0.0024751489572563297,0.011159800752466129,0.010564443147874669,0.928187986488843,0.0,0.034126988096105704,0.013485632557454127
0.01811605677919836,0.0,0.01394624414588643,0.8598646791520624,0.0018617500014069964,0.07984609600404782,0.026365173917397972
0.0,0.0074402016495219575,0.03699757351530675,0.8792371572952707,0.0,0.050303839139481145,0.026021228400419278
0.0009522177425033662,0.0,0.038460782321799246,0.8820444664293385,0.0,0.06228002899842777,0.01626250450793108
0.008394556090715495,0.0,0.0,0.9312518049338917,0.0,0.04567157162890332,0.014682067346489535
0.0033806382626799434,0.023900857911607943,0.025336372238094044,0.8501257791721335,0.005712401338354286,0.07349026372607996,0.018053687351050274
0.010168908735322151,0.014582632304744306,0.016401603789000962,0.8667128385283429,0.0025619194098925866,0.07625040472539206,0.013321692507305053
0.0,0.0,0.0,0.9587895322660897,0.0,0.040758220476660424,0.0004522472572499638
0.009088950565792425,0.0,0.016827454218566462,0.9080401732638097,0.0,0.04006437094191453,0.02597905100991681
0.0014140129505718637,0.003410939505677067,0.021090299465969242,0.8643907893633106,0.008091316062529965,0.08704001622470481,0.014562626427236509
0.0,0.0,0.04436095229766644,0.8969385852398037,0.0,0.05231832582328025,0.006382136639249593
0.012937786147354063,0.0,0.0005190477954402161,0.8686724270588854,0.0,0.07744622332552362,0.04042451567279679
0.0,0.0,0.0,0.8968714043746537,0.0,0.06943478394557429,0.03369381167977203
0.007260633565759753,0.0,0.02960544106730181,0.9092394223885064,0.0,0.045673457465307155,0.008221045513124728
0.02332241532160419,0.0,0.0008385330882723044,0.8824120103709194,0.0,0.08509359418802173,0.00833344703118253
0.0040627098470507215,0.0,0.03294063113768993,0.8841353002097416,0.0,0.07553277025777645,0.0033285885477412876
0.0,0.0,0.0,0.9243141639153629,0.0,0.05749582831588945,0.018190007768747636
0.0,0.0,0.029894669781397553,0.8548943453356077,0.0,0.06861239705162787,0.04659858783136688
0.0,0.0,0.018305840065982668,0.8659912418131374,0.0,0.06656226335706569,0.049140654763814406
0.03273371327097935,0.0,0.009434822984983243,0.839718742063698,0.0,0.071338600021416,0.04677412165892337
0.0,0.0,0.01589389782746813,0.898374557010761,0.0,0.057164615502698,0.02856692965907292
0.0112244722094535,0.0,0.056153014429788886,0.8490978265865983,0.0004115053389542381,0.06141389765280608,0.021699283782398944
0.0005200192024834314,0.0,0.01614090001642012,0.9074312724511157,0.0,0.06977839148189059,0.0061294168480902095
0.007385538437385781,0.0,0.006940015309814981,0.8754439995037997,0.0,0.08417732145435275,0.026053125294646744
0.00016838674469848365,0.016391248910302483,0.041562711824834904,0.8865729393866233,0.0,0.04458809482882856,0.010716618304712301
0.007228365993236227,7.982967287644888e-05,0.014271900864136529,0.900375839177028,0.0,0.03694408690033027,0.04109997739239236
0.019294281608304636,0.0,0.030949990736398224,0.8780327720901521,0.0,0.04558425374643809,0.026138701818706905
0.009799796163648235,0.0,0.027248184777782923,0.8824902475106638,0.0,0.038479582019873226,0.04198218952803182
0.0,0.0,0.028722528357077108,0.9203168449271751,0.0,0.024819538305773377,0.02614108840997434
0.016525773545351053,0.0,0.0,0.9178469998449541,0.0,0.037257602862289754,0.028369623747405072
0.005864507755925096,0.0,0.01810540156356324,0.8914992401132414,0.0,0.05303930135095391,0.031491549216316486
0.0020446200607723173,0.0,0.022828145739562194,0.9224475542044714,0.0,0.05267967999519408,0.0
0.0,0.0,0.01497322783205708,0.9493236004130055,0.0,0.03570317175493744,0.0
0.0055661180462152435,0.0,0.0,0.9434023967807871,0.0,0.05091000407766525,0.00012148109533239355
0.0006675820134391686,0.014446565472055374,0.02473534260143758,0.9124503503062342,0.0,0.03086375512319823,0.016836404483635662
0.001622351584962961,0.0,0.05351517714767404,0.8478713504414609,0.0,0.06181453515994723,0.03517658566595474
0.0,0.009377146988377985,0.000223565025359554,0.9381517677105691,0.0,0.03200683400376047,0.020240686271932918
0.02395665556304942,0.007791771240646993,0.00030708423929890746,0.9032305995512908,0.0013878177362210017,0.04734980732627772,0.01597626434321512
0.0,0.0,0.003111044965269948,0.9040606027103714,0.015345952046328753,0.07413400788593692,0.0033483923920929787
0.025468075493996458,0.004644549802462368,0.024060024499143004,0.8209079694019508,0.0,0.08437098069504134,0.04054840010740595
0.00664072349926334,0.0,0.0,0.8958488882692297,0.0,0.06268645169717614,0.03482393653433087
0.0,0.0,0.013771295914850257,0.921376423064241,0.011559259390630685,0.05329302163027809,0.0
0.014942123382673441,0.0,0.02126117987199106,0.8923134775437158,0.0069980261645232016,0.05279255735715866,0.011692635679937821
0.00443679605793465,0.0,0.015996434851629885,0.8651284205325915,0.0,0.09589790466964451,0.018540443888199424
0.0,0.0,0.016776851801203987,0.8727524279372572,0.0,0.07771798014928671,0.03275274011225216
0.015748464434215084,0.0,0.04673781400323549,0.8609439859124939,0.0,0.07656973565005555,0.0
0.0,0.004273432313026914,0.015745851522306505,0.9172810073750566,0.0,0.03929634226018915,0.023403366529420877
0.0,0.0,0.025595057827246612,0.9360381657036708,0.0,0.01859987373978881,0.019766902729293802
0.0,0.01470130012595098,0.044984700411779155,0.840040435086291,0.0,0.0759860463042645,0.0242875180717144
0.0,0.0,0.03302455401826696,0.9192266207293842,0.0,0.025967513671628955,0.021781311580719873
0.008936789519390231,0.01433630049232526,0.03667989749437065,0.8663705385029449,0.0,0.07367647399096905,0.0
0.0,0.0015312212350945499,0.025821472802333333,0.9184116573908979,0.006244495943299673,0.047991152628374584,0.0
0.0,0.0019229530585764944,0.02731164736322118,0.9165788278804727,0.0,0.03261375733257717,0.02157281436515243
0.0,0.007844943992327354,0.0009435628067012429,0.9304470219659918,0.0,0.05013833083889022,0.010626140396088992
0.0,0.004663364418752306,0.007997570101823339,0.9157832230500438,0.012063380900281306,0.05628337229411491,0.0032090892349844902
0.0,0.008166328529792115,0.0,0.9145172944672944,0.0,0.06958998936333885,0.007726387639574728
0.0,0.0073397833900476,0.03584903868372565,0.9080840935299439,0.0,0.03312303425502913,0.015604050141253606
0.009761025432900524,0.0,0.0018569132292998636,0.9135806285678283,0.0,0.06259602015658158,0.012205412613389604
0.03078125921638519,0.00624141284805019,0.013831777408727477,0.8732201043307459,0.0,0.05865699588196041,0.017268450314130705
0.0,0.005499866863831769,0.008156987134962214,0.9580659856183327,0.0,0.028277160382873204,0.0
0.005805019628275207,0.0,0.03544372437871522,0.9001874117219657,0.00034482219249613356,0.05114914078315744,0.00706988129539029
0.0,0.0,0.027175503363129336,0.9305540330975687,0.002502013372533638,0.03976845016676829,0.0
0.0131432443776114,0.0,0.024795752595913337,0.852386507196037,0.0,0.09156793065350965,0.0181065651769286
0.0,0.0,0.0,0.9157227356317467,0.0,0.055794607528955986,0.028482656839297297
0.002417751373929197,0.010202447334934034,0.0,0.9115600252754846,0.0,0.060059814492417596,0.015759961523234507
0.013565689049723042,0.0,0.026602320994816086,0.8446864224967423,0.0008470458665165535,0.06160049470603458,0.052698026886167315
0.0038872822417279377,0.004778480971566528,0.005884243601629436,0.9361664482588766,0.0,0.049283544926199525,0.0
0.013836759786975326,0.008836580980826987,0.02017096135300337,0.8673470939061875,0.004300833208049154,0.06115565453739506,0.024352116227562604
0.0,0.0,0.02742152064879443,0.8633702689512445,0.0022334573325359475,0.08958755697354316,0.017387196093882028
0.02026917384398754,0.0,0.035532696378991944,0.8351188187043591,0.005501796429089781,0.0699799229030407,0.03359759174053088
0.007301100495777023,0.0,0.0377032089746705,0.8400735527667612,0.010873581898830574,0.08673125922576583,0.01731729663819491
0.0,0.0,0.0,0.9165106957607001,0.0,0.052633677860908286,0.0308556263783916
0.003637631495165235,0.0,0.0,0.8811201367194003,0.0,0.08955564432779749,0.025686587457636998
0.0,0.0014535125302925743,0.011092830529410257,0.9348991967416026,0.0,0.05255446019869457,0.0
0.0,0.0,0.0268322932235778,0.9099233943538102,0.0,0.03943058004696723,0.023813732375644686
0.0018329633308254943,0.007305697087901936,0.020901812411529018,0.9011250543937387,0.0,0.039538326347204444,0.029296146428800542
0.0,0.0,0.0016952285005031392,0.9658618628382463,0.0010618673611887896,0.031381041300062036,0.0
0.0,0.0,0.0,0.923305369895603,0.0,0.053620265664878576,0.023074364439518408
0.0,0.0,0.00549918605332358,0.9299479416642373,0.0,0.02952431404882612,0.035028558233613054
0.0002534485244890928,0.0,0.013094975541683408,0.919323805215396,0.0,0.06353805458630232,0.0037897161321290983
0.0,0.0,0.0,0.9465317297508741,0.0,0.05346827024912596,0.0
0.0,0.0,0.027866677676374574,0.9077102223095684,0.0,0.05676197470453461,0.007661125309522203
0.0,0.023027246421231412,0.0,0.90864738704381,0.0,0.06190480536375578,0.006420561171202759
0.0,0.0037078520809805263,0.0,0.9634043144538393,0.0,0.03288783346518012,0.0
0.0,0.0,0.0,0.9178257390756833,0.0,0.05517576024944588,0.026998500674870807
0.0,0.021092628392386327,0.004652594657495496,0.8811953661161113,0.004458918083945392,0.08089156089194142,0.007708931858119965
0.0,0.0,0.013018317463823684,0.9196246972694118,0.0036839004455665237,0.063673084821198,0.0
0.0,0.0,0.027796459637075888,0.8851882860784342,0.0,0.05911066987063729,0.027904584413852438
0.007502102075271423,0.0,0.0037300056734808915,0.891791321194448,0.01742504948336722,0.03552063956380513,0.04403088200962711
0.0,0.0,0.020594027759649275,0.8993983206241363,0.0,0.050363307740059475,0.029644343876155017
0.0112806537682941,0.0,0.001945507151206451,0.9021766869105805,0.0,0.06661876887244549,0.017978383297473418
0.024418330143670043,0.01089534053472043,0.0,0.9101539899767019,0.0,0.05453233934490757,0.0
0.0,0.0,0.0,0.9196973788369758,0.0,0.07111431040203998,0.009188310760984251
0.0,0.0,0.05879427081857962,0.8632493972681748,0.003077049185114174,0.05307621546347379,0.021803067264657576
0.0,0.0,0.022991125694554197,0.8525843184028529,0.0024501064069436646,0.08303705751676337,0.03893739197888595
0.02580780841703326,0.0053409620835162645,0.05614683989500139,0.7988293537773175,0.012829873528503791,0.06943344305586693,0.03161171924276088
0.0,0.0,0.019731369626612465,0.872065039686373,0.0,0.07609136654224423,0.03211222414477039
0.010530742695858604,0.0,0.02114932437581557,0.8195253255376244,0.015677244509638255,0.07194666976602436,0.0611706931150389
0.0,0.010865739462947367,0.016139965490842248,0.8237559139000726,0.02062993968738458,0.09158208292177639,0.03702635853697675
0.0034017271138676993,0.0,0.0,0.9098533267794935,0.0,0.06645360296106285,0.020291343145576
0.0,0.0,0.02581218847025456,0.9066069398423338,0.0,0.04267817205623419,0.02490269963117738
0.0,0.003472991165444566,0.006206945330749509,0.9294294497118403,0.0033849279456690537,0.02835517477277468,0.02915051107352188
0.0017505520161992252,0.0,0.028988410233932674,0.9115280373967445,0.0,0.03853802542146825,0.019194974931655343
0.009119963227556257,0.009670152897786886,0.026985222820630792,0.8712712458146548,0.006558747991778656,0.05050329410820468,0.025891373139387917
0.01550327397809656,0.0,0.03168980395119155,0.8508215798662924,0.0,0.047627691082301214,0.05435765112211816
0.01356746548089086,0.0,0.029473919693180733,0.9012470369022629,0.0,0.049067552238724506,0.0066440256849411095
0.023057828166389807,0.0,0.03148874034032517,0.8763896519033817,0.006496865061342165,0.036641136234990004,0.02592577829357115
0.0,0.0018936643107906512,0.017708706578575043,0.9124009272936461,0.0,0.051948069770829094,0.016048632046158993
0.0,0.0,0.00834577442314146,0.9417332730921179,0.0,0.04992095248474068,0.0
0.030020632235563813,0.0,0.018198289297127457,0.8643770954184647,0.0034211498884730808,0.08201045414191323,0.0019723790184578115
0.01554503552174031,0.0,0.011819267834238738,0.912621176417053,0.0,0.053077139975366734,0.006937380251601385
0.010381412391379241,0.007495890834636408,0.03830364879791265,0.8513662309555532,0.0,0.06418180482952711,0.028271012190991523
0.014209332904604188,0.015814631160397507,0.0068998155787891105,0.8546790837791387,0.0,0.07131233291320756,0.03708480366386298
0.02710742778038218,0.006295578847647231,0.019737984533317144,0.8692509670436104,0.0,0.06561152627150199,0.011996515523541184
0.010987153902937401,0.0,0.050580981675612174,0.8665376102761511,0.007445552887548102,0.06378843650905242,0.0006602647486989661
0.0,0.003875844320348331,0.0,0.9129692203041742,0.0,0.0831549353754775,0.0
0.014627754547129234,0.009655059693700343,0.02905963979274696,0.8429498438056087,0.011701776782843877,0.05301862889502423,0.038987296482946736
0.0,0.0,0.01723692738435699,0.8943074810886089,0.0,0.08845559152703406,0.0
0.0,0.0007907290021406948,0.015659472257921227,0.8757110947408862,0.0002614904892760597,0.08124097577899721,0.026336237730778703
0.00350101893309209,0.0,0.009114429311057734,0.8963209369457772,0.0,0.09106361481007304,0.0
0.0,0.0036547218918720386,0.050679700769759556,0.8568975942761843,0.0,0.062444679955456446,0.026323303106727654
0.021414033846262316,0.011974867795855054,0.008714254653213233,0.8770971877505279,0.0,0.0807996559541415,0.0
0.0,0.0,0.0,0.9163270639572728,0.0,0.07298210930469363,0.010690826738033518
0.014373502343062682,0.009928794753472801,0.002482492370643969,0.888959108115656,0.0,0.06238175830912293,0.021874344108041607
0.0,0.00778982049799666,0.013847243106254568,0.9023467773858656,0.003257467972752879,0.03382951305553914,0.03892917798159103
0.0,0.015735450676352614,0.03651588527326534,0.8784124074106621,0.0,0.05365743306949706,0.015678823570222877
0.0033965892772371588,0.0,0.010182891668547573,0.957838948777528,0.0,0.019342335639424724,0.009239234637262598
0.014697943938009017,0.0,0.007291690928986846,0.9217245807996004,0.0,0.03242362042170344,0.023862163911700422
0.0,0.0,0.0029031937323621333,0.9352383289141231,0.0,0.05215201565827312,0.009706461695241558
0.0,0.0,0.041042944169591394,0.9091442915632031,0.0,0.049812764267205566,0.0
0.0,0.0,0.04094519183274618,0.8755834103708017,0.0,0.06470385007823226,0.01876754771821999
0.01122447112601506,0.0,0.016810235848473243,0.8823456402670709,0.0,0.050059444617178504,0.039560208141262404
0.0,0.0,0.027908649311160875,0.9229138091302947,0.008072062067901358,0.04110547949064288,0.0
0.011311915670188131,0.003041851855257529,0.0361452301513069,0.8393973173562576,0.0,0.06754690654547059,0.042556778421519365
0.007090993546812898,0.0,0.019483859088312988,0.8983582639669676,0.0,0.05044227259071369,0.024624610807192967
0.0,0.0,0.027506624731268546,0.9198883360626116,0.0,0.052605039206119884,0.0
0.01772925186710485,0.0,0.01887216875446154,0.8977372155012089,0.0,0.04847634343460845,0.017185020442616196
0.009792058509423813,0.0,0.01549207085832384,0.9115278728815532,0.0,0.041284323228124475,0.021903674522574624
0.02569083698977796,0.01568042455998738,0.04456695968988072,0.8141672830662176,0.015477792609379794,0.0390648206064018,0.045351882478354956
0.020762772999743422,0.0,0.00011826758399683885,0.8593733875250633,0.006254328561132101,0.07589559542226079,0.037595647907803474
0.005519719869172199,0.004208908492417894,0.04070623491295355,0.8475671229014957,0.007488350437975403,0.053726710225705444,0.04078295316027964
0.01589571310828304,0.0,0.02457085702677967,0.8670102898701262,0.012009355184946184,0.06371762998240435,0.016796154827460618
0.005765352568567225,0.0,0.0,0.92430154648817,0.009680151900882731,0.04460652819462342,0.015646420847756606
0.004605362726148791,0.04871884777599502,0.027648100394752108,0.812499772504237,0.004706734833866562,0.07754541112655826,0.02427577063844228
0.0,0.0,0.0105209906535997,0.9015161431018787,0.0,0.07960773546924983,0.008355130775271856
0.026143151543048932,0.0,0.03805144073189819,0.7906585146197392,0.01847534943500241,0.07731087270047836,0.04936067096983298
0.0,2.220245109058044e-05,0.025716665541423166,0.8339820199893819,0.006655888381311388,0.08495586749680598,0.04866735613998701
0.0,0.0,0.01449055600097281,0.8674495758103554,0.039725766903052295,0.06258785423698388,0.015746247048635538
0.01933483103738818,0.0,0.020934381034538686,0.8399048616851625,0.0,0.09067960050011109,0.02914632574279955
0.010647504706909713,0.0055572158854716985,0.007020456679536143,0.9401237230120123,0.0,0.021492592280157062,0.015158507435913125
0.0030630624826082395,0.0,0.00836086611493094,0.906102399877685,0.0,0.06459410893634936,0.01787956258842634
0.006058228168915084,0.0,0.0,0.9429197494990951,0.004804758134119336,0.024503123041261034,0.021714141156609607
0.0,0.0,0.0007650218768929126,0.9422671833898524,0.0,0.05696779473325482,0.0
0.00026719802750632687,0.0,0.0,0.9424357999354455,0.0,0.05729700203704836,0.0
0.0,0.00690064377174341,0.0185278759215283,0.908699178792908,0.0004487759386048303,0.06036998915330719,0.00505353642190808
0.0,0.0,0.0019144999836056156,0.9712851491533101,0.0,0.026800350863084264,0.0
0.0,0.0,0.0,0.9240916467353882,0.0,0.05414754504474579,0.02176080821986601
0.01171306872285072,0.0,0.0267933755681438,0.8600569075693351,0.009299239581282509,0.045742444059276445,0.046394964499111485
0.0,0.0,0.004213522153888386,0.9297855369094883,0.0,0.0503301603577852,0.015670780578838153
0.0,0.012064917776727547,0.016514067379039123,0.8627009494952289,0.017629998449031445,0.05132439852907719,0.03976566837089568
0.023659725218884854,0.0,0.020774746023874302,0.8878012764832873,0.0034683336688074227,0.058442177396244833,0.00585374120890132
0.0,0.0,0.0,0.9370181098518705,0.0,0.06298189014812952,0.0
0.0,0.0,0.006626920766765086,0.8867683566599347,0.0,0.07633928899033542,0.030265433582964855
0.0,0.0,0.010929688942788025,0.9411805315010433,0.004310986656908795,0.04114345215161542,0.002435340747644426
0.0,0.0,0.003087304179533776,0.93395127375151,0.0,0.06296142206895626,0.0
0.03127932662170044,0.0,0.005756583060714054,0.8577041571579365,0.018365018843115376,0.07062871307805489,0.016266201238478748
0.018070151563845598,0.0,0.027743953269874527,0.8862171620074127,0.0,0.0679687331588671,0.0
0.018635224490336118,0.0,0.034356631552960815,0.911332434513792,0.0,0.03567570944291104,0.0
0.0,0.00175405667031806,0.0033812571870719768,0.9070868443375375,0.0,0.07572629461970982,0.012051547185362672
0.018262553265801215,0.0,0.021496702489534374,0.8368607590296598,0.0070665620508308345,0.07671551489413901,0.03959790827003472
0.006676562225996015,0.0,0.06104326168465028,0.8296616733971712,0.0,0.07922497694592337,0.023393525746259084
0.02290690352927811,0.0,0.04630161102618811,0.8194853160462608,0.013796875866908639,0.06310940745872119,0.03439988607264313
0.018757703229271443,0.0,0.009238199820720836,0.9153988802172226,0.0,0.05537744163037883,0.001227775102406284
0.003837656822687065,0.0,0.08747658543273358,0.8661416238820858,0.0,0.04254413386249355,0.0
0.0,0.0,0.007473765000569895,0.9247756244469425,0.0,0.04025896759680933,0.02749164295567819
0.007343963673563772,0.0072427846814732515,0.013548877539243512,0.9022864017222489,0.0,0.04449351886437901,0.025084453519091537
0.013479723351461852,0.0,0.018575459563019876,0.9271427094335858,0.0004995134842241779,0.036465773542395226,0.0038368206253133266
0.00878300150289716,0.0,0.0,0.9401140575048852,0.0,0.04248573293249125,0.008617208059726444
0.0022389565454850246,0.006213642764660968,0.016877084263057028,0.9071698787628767,0.0,0.04292096095975027,0.024579476704170242
0.0,0.0,0.0104624156490936,0.9358594744004104,0.0,0.03875911992340155,0.014918990027094391
0.015075230259962647,0.0,0.0,0.9408939458832672,0.0,0.03820849760505462,0.005822326251715256
0.006858307323275963,0.0,0.003027360274498073,0.9184774068273472,0.0,0.052865777803131966,0.01877114777174685
0.0,0.0,0.014106336625582801,0.9481490665693848,0.0,0.03671130660019628,0.0010332902048360607
0.017824579969984596,0.0,0.01589514770590623,0.8655305266217843,0.0,0.05368824383635401,0.04706150186597081
0.00041675851875148283,0.0,0.03223126142337188,0.8917438530673192,0.012249537245897441,0.04784880553251787,0.015509784212142155
0.013445860814312182,0.0,0.01916102496092393,0.9072206623213936,0.0,0.05833771018303333,0.0018347417203368652
0.024629084426877165,0.010516107240403347,0.033272174201694066,0.8326725781517648,0.0,0.061274592948340076,0.03763546303092053
0.014352323576765469,0.0,0.017181687083493935,0.8864269118691814,0.0,0.06849795486446845,0.013541122606090675
0.010082449960549451,0.0,0.03942697297876574,0.8525229473942132,0.0,0.05546583240677761,0.042501797259694066
0.020436495798448147,0.0,0.04639007720157767,0.8822008387430481,0.0,0.05097258825692607,0.0
0.015099947041142137,0.0,0.01211798517312708,0.8918770380658783,0.0,0.07007504086514145,0.010829988854711111
0.0,0.008385878179767936,0.05049516441096359,0.8732967568152018,0.0,0.038507444155542116,0.029314756438524565
0.010216033171918382,0.0,0.047543251453859105,0.864801974266594,0.003541121138701582,0.07138498146479336,0.0025126385041336083
0.0,0.0,0.025149681755701783,0.9261687603129877,0.0,0.048681557931310564,0.0
0.0006148055435478209,0.0,0.0,0.941547102925549,0.0,0.05292012086689003,0.004917970664013179
0.0,0.0,0.026728870892836303,0.8600843880289691,0.0176003815389615,0.06291165903219369,0.0326747005070394
0.002281029123944224,0.0020161006975279736,0.04564543532824227,0.8600702665064407,0.0,0.08041083779883415,0.009576330545010687
0.004321241305243546,0.0,0.02850264069660581,0.8967641684231267,0.0,0.07041194957502392,0.0
0.0,0.0,0.03519857839769069,0.8387698574922728,0.0,0.07357792558768898,0.05245363852234752
0.011607218324048943,0.0,0.017488616787027202,0.8739175767346969,0.02973784839076867,0.040116252828052264,0.027132486935405896
0.022586054537054406,0.00807178173767175,0.008292520365954625,0.8988214788404029,0.011590006758371204,0.046677082557902684,0.0039610752026424745
0.002809142889750566,0.0016384054568477845,0.022688079777202302,0.860740736053776,0.00790336783378762,0.06986427776518722,0.03435599022344847
0.005107842008490106,0.0,0.028535905329202804,0.8887999777720278,0.0,0.05037853544237895,0.027177739447900213
0.006693028754984752,0.0,0.04212874555867749,0.8741900468194768,0.010213680802802945,0.048516816017112996,0.01825768204694511
0.03247382641427482,0.023379119330914938,0.03230801836071236,0.8252633711328432,0.0,0.05652713790426745,0.03004852685698725
0.012213482709885343,0.0,0.04796250794606986,0.8669870143781202,0.018114566852555525,0.05472242811336899,0.0
0.0,0.0,0.03666963647689997,0.896605782826494,0.0,0.04679645086235014,0.01992812983425595
0.01131152913478767,0.0,0.022371392446385384,0.8930792070369552,0.0,0.05596244706350084,0.01727542431837103
0.0,7.413380141053841e-05,0.02465649889833562,0.9301140968170876,0.0,0.025926269021289923,0.01922900146187643
0.0,0.0,0.0,0.9351087282376758,0.0,0.06489127176232425,0.0
0.0050748947876768915,0.002511540105224545,0.015898855604953185,0.8743755065266707,0.0,0.07767616294203276,0.024463040033441897
0.0,0.0,0.030243799837329336,0.903476534024127,0.0,0.06480028165964306,0.0014793844789006193
0.0,0.0,0.024256095362832613,0.9040482155019601,0.0,0.048632714759531646,0.023062974375675744
0.0,0.0,0.03878727414470827,0.8846761292860559,0.0,0.0413756674631598,0.03516092910607609
0.0,0.0,0.0,0.9136509809247646,0.0,0.05409046375119097,0.03225855532404438
0.006675126870312939,0.0,0.01683058052325534,0.8874861538625204,0.0,0.07418206789672147,0.014826070847189819
0.0,0.0,0.025641214283284485,0.8674014587962284,0.0,0.06971619013501432,0.03724113678547275
0.018284873751552157,0.0,0.03811675740673365,0.8610932766082668,0.0,0.03646883123218058,0.046036261001266884
0.0,0.0,0.0174701257651835,0.843711477039116,0.0,0.07460817526820575,0.06421022192749477
0.018032379851618638,0.0,0.0,0.9129098872241129,0.0,0.06905773292426838,0.0
0.011062215337326093,0.0,0.00636264923648657,0.9342738342637565,0.0017084545111500267,0.03608502567759577,0.010507820973685045
0.0,0.0,0.018294873372703534,0.8659755945284209,0.0,0.07541844909935429,0.04031108299952128
0.020896560444362805,0.0,0.028750956609777768,0.8373376436301162,0.002821487309321946,0.07683005730151699,0.03336329470490426
0.0,0.0,0.0,0.9839842830774622,0.0,0.005690813157037227,0.010324903765500548
0.0067749743971208115,0.002721544858725896,0.038633142954287894,0.8895879904576994,0.0011767019835664692,0.057400322465952495,0.0037053228826466034
0.0,0.006993192234658716,0.010065322960104615,0.916179025372441,0.0,0.05006948607043631,0.016692973362359476
0.0019588532959066074,0.0,0.0323157446741209,0.9022151761855192,0.0,0.04113967948041479,0.022370546364038773
0.0,0.0,0.0,0.9280609787178475,0.0,0.05830131264498041,0.01363770863717213
0.014940473093072582,0.0,0.016484233851013906,0.9121312230036681,0.0,0.05613515382420747,0.00030891622803801356
0.0,0.0,0.029315479394576526,0.8793651904712623,0.0,0.07125582680517174,0.020063503328989433
0.0,0.0,0.03240246750201913,0.903551698181541,0.0,0.05012870767459618,0.013917126641843906
0.0,0.0,0.0,0.9630512798975204,0.0014586275152261435,0.025881669508677825,0.009608423078575703
0.0,0.0,0.00311337138905973,0.8993344044143716,0.020441590610506537,0.05895571504880017,0.01815491853726209
0.0010022648347952276,0.0,0.010671017429046782,0.8877050393906917,0.01775887523775869,0.07848205459752093,0.004380748510186803
0.002764677882005611,0.0,0.03176253306843983,0.8776038419687087,0.01246660731659201,0.06701216120791041,0.008390178556343336
0.026701409128975798,0.0,0.003328917159392888,0.8856219282920732,0.013497272080278235,0.05436649627780578,0.016483977061473882
0.0022864777014804222,0.016762820074968123,0.021162598970214084,0.9027243157139639,0.001446931955166067,0.04915421188617164,0.006462643698035774
0.0,0.0,0.039844294464278056,0.8812041678812083,0.0,0.05940871689702347,0.01954282075749018
0.0015688340142155492,0.017275316722568334,0.00844047741850046,0.8721929855216596,0.00944264122779612,0.05708417327319965,0.03399557182206035
0.00700332962336554,0.0,0.021340557910575673,0.9210414218835349,0.0,0.050614690582523957,0.0
0.0,0.0,0.013280490937828134,0.8629603783792861,0.0,0.09581143180189432,0.02794769888099143
0.006129015064736072,0.0,0.022278162564174985,0.9030920932439988,0.013346502149831402,0.032667645393439956,0.022486581583818825
0.0018527081428847776,0.0,0.04182009913727668,0.8807197299227452,0.0,0.06748879929868949,0.008118663498403912
0.0,0.0,0.0,0.9391318848196656,0.0,0.04077231777035365,0.0200957974099808
0.01763995970100708,0.005494157165229421,0.011991284609701041,0.8932431829648001,0.0,0.06410493382757275,0.007526481731689622
0.0008955171901257318,0.007566295913032714,0.0,0.930845336092488,0.0,0.0606928508043536,0.0
0.0026915378780162837,0.00621608711824423,0.001022058955998553,0.9607223162173312,0.0,0.029347999830409796,0.0
0.0,0.0,0.0,0.9703285010971018,0.0,0.02826337307531591,0.0014081258275823489
0.0006301226232831696,0.0,0.0,0.8771155829151898,0.0,0.08754720402366994,0.03470709043785718
0.0,0.0,0.006196459160277631,0.9400995629558753,0.0,0.04397855670019875,0.009725421183648377
0.015443839819804565,0.0,0.013425578365762669,0.8646993400280678,0.005688262446517945,0.05881245847905427,0.0419305208607926
0.000580261280660767,0.0,0.01978261173554844,0.9522556485441771,0.0,0.02738147843961384,0.0
0.0,0.0,0.007355799267817541,0.9589532726358333,0.0,0.0336909280963491,0.0
0.01745284294178527,0.0,0.04950179924869404,0.8390051172727879,0.008595282657173,0.05709042416798373,0.02835453371157593
0.0,0.0,0.004999534742400023,0.9061588824328972,0.0,0.06667368065050563,0.022167902174197156
0.0048602921922508814,0.0,0.019110415382592935,0.9172973069776035,0.0,0.030415727296778057,0.0283162581507748
0.0,0.0,0.0,0.9457181327900118,0.005700970812167686,0.03714207321629948,0.011438823181520986
0.001641403046883132,0.0,0.0,0.900017488159307,0.0,0.07537968753066801,0.02296142126314188
0.006837427606492237,0.0,0.031382772940741314,0.8763484367659218,0.0,0.06099316041207614,0.024438202274768596
0.010272099277902775,0.0,0.04546913164924908,0.8619952563177155,0.004077717239673055,0.06273500558150355,0.015450789933956023
0.0,0.0,0.010258590975554389,0.9213252454855541,0.0,0.058299844157325705,0.010116319381565857
0.0,0.0,0.027366540618854504,0.8731159676937015,0.0,0.06129169017911682,0.03822580150832719
0.0018341305335600258,0.0,0.0198251014109619,0.8942734552211513,0.0008352099591320814,0.07477299990083286,0.008459102974361797
0.006964857791148979,0.0,0.008701809606801697,0.8976821666705511,0.0,0.05866103343584586,0.02799013249565231
0.0,0.0,0.021686835891174063,0.9218332947328316,0.01614188197348484,0.03027125622666977,0.01006673117583978
0.01697326713036482,0.012411277662434455,0.012082865483111934,0.8404819098777572,0.0,0.05233561139142981,0.06571506845490172
0.02336651626590368,0.0,0.027235580448656815,0.8901269269199361,0.0,0.057924745650331726,0.0013462307151714304
0.0,0.0,0.02396666893889095,0.8717399327838203,0.0,0.07096185802245251,0.033331540254836194
0.012207293956670997,0.0,0.040599545477472784,0.8090810139936203,0.0016578324083836803,0.08233844992512478,0.05411586423872742
0.021475767646504773,0.0051887743072769315,0.05046448622752579,0.7954519838569949,0.0,0.04112515340223267,0.08629383455946497
0.013611838465288975,0.0,0.04088738071495604,0.8416427605871802,0.0,0.0626405096670119,0.041217510565562804
0.015586250236830218,0.009783927338757365,0.04697597493261875,0.7765910238102411,0.021660933096736994,0.07477160234591453,0.054630288238900995
0.00025482946335118986,0.0,0.0,0.9156299919955618,0.0,0.06229604778278156,0.0218191307583054
0.011441606407915817,0.010980634124083424,0.061521617341625354,0.7681495474413019,0.03540065895229851,0.08133836490633853,0.031167570826436463
0.0,0.0037910433094993086,0.0,0.90110557920856,0.0,0.06223205747077519,0.032871320011165585
0.015799285100993626,0.0,0.012744057114045205,0.8987242331027155,0.028790386505339487,0.03844733750203706,0.005494700674869126
0.0,0.0,0.028428795692972672,0.8547013512409929,0.0026127196232255557,0.05846331992772091,0.05579381351508801
0.0,0.0,0.0032911203801931307,0.9359122724372174,0.0,0.038371544849298264,0.022425062333291078
0.019326597121353456,0.004396597066700128,0.03177480485636052,0.8932135380973688,0.0,0.03760534032393405,0.013683122534283181
0.005441697239323511,0.0,0.03116884542627416,0.8712464874627183,0.006668167560279244,0.04212502726919654,0.0433497750422083
0.0011807478826933338,0.0,0.0,0.913963293338061,0.0,0.07121423265557578,0.013641726123669802
0.0,0.0,0.020881573022191402,0.9174308954597976,0.0,0.06168753151801102,0.0
0.0,0.0,0.0,0.9179235590281007,0.0,0.07438959085002353,0.007686850121875686
0.002522741488550623,0.006705088313701897,0.0,0.8803976626712996,0.0,0.07634309846617168,0.03403140906027608
0.0,0.0,0.0,0.9019806405431156,0.018000135881607926,0.05451024230775326,0.025508981267523278
0.014326524621361117,0.0,0.008445357709679099,0.9287323759493297,0.0,0.04849574171963015,0.0
0.0,0.0,0.017832960710358774,0.9191025951028737,0.0,0.06306444418676752,0.0
0.0,0.0,0.015734544662991228,0.9214181754736073,0.005287472922127325,0.057559806941274216,0.0
0.00016771241435815327,0.03951589900920999,0.016291951683713335,0.8240826807377161,0.005905236280037903,0.08064602361256414,0.03339049626240025
0.024522130181628465,0.0,0.0,0.8400370568593668,0.0017800595459936982,0.06979854483381438,0.0638622085791966
0.0,0.0,0.017931945514190282,0.8932253572499997,0.0,0.07310257358624757,0.01574012364956244
0.0,0.0,0.0,0.9382917229620156,0.0,0.06170827703798448,0.0
0.017836206206961087,0.0,0.032000609328526275,0.9001885766807521,0.0,0.049974607783760505,0.0
0.0,0.0,0.03558509634875074,0.8825981679156205,0.0,0.04580863545556472,0.03600810028006408
0.011128509509435528,0.0,0.020532443731501378,0.8310632852129417,0.01908120870336828,0.06783792283345261,0.05035663000930055
0.0,0.0,0.0,0.8882150301829566,0.0,0.08914058074300958,0.0226443890740339
0.023420876187415802,0.013994218915549288,0.037249579675851685,0.8278621949544606,0.017268452561422645,0.08020467770529997,0.0
0.045541128460827536,0.015817793767015708,0.064855321619818,0.7577672466418718,0.013134966261065379,0.06452679280751528,0.03835675044188635
0.01512836620071729,0.0,0.05908021662705994,0.8668515974943655,0.006018682979313403,0.043732837310440205,0.009188299388103666
0.015388870757690144,0.0,0.04124099888006956,0.8205862535363465,0.00954394576995567,0.08156356985328041,0.031676361202657745
0.015981381089499085,0.0,0.0,0.9060201177143731,0.0,0.055763300821309786,0.022235200374817958
0.02199615656830183,0.0,0.017650309869574193,0.8568953177549395,0.009767062015108527,0.05496091721447982,0.038730236577596035
0.03375659044294094,0.0,0.011613010339562307,0.9011536998450327,0.0,0.03799163002832113,0.015485069344142734
0.00026352496962771623,0.0,0.0229123245326301,0.9016731265033383,0.0,0.06051303450478315,0.014637989489620761
0.010813567712084369,0.0,0.023565966240412732,0.9164672939605711,0.0,0.049153172086931665,0.0
0.0,0.0,0.0,0.934654173649383,0.005678659371736283,0.059667166978880776,0.0
0.0,0.006675751430942157,0.01957888264063779,0.895771714783358,0.0,0.06214855644530281,0.015825094699759252
0.011626538884993558,0.0,0.0027108654950713873,0.9348998317202277,0.0,0.036065482119542316,0.01469728178016503
0.023066896584147022,0.005466445503744411,0.0404440940199462,0.8413356857372919,0.0,0.06653330145041407,0.02315357670445656
0.0,0.0,0.0,0.928379210138842,0.0,0.07162078986115801,0.0
0.0,0.0024142784996878295,0.011977578292423918,0.8646223871428568,0.017404736685022282,0.07429741746266938,0.029283601917339776
0.0,0.0,0.012073383970561903,0.919106040420976,0.0,0.06882057560846208,0.0
0.019640775776850194,0.005920220009227766,0.008746170913670352,0.9054462793358089,0.0,0.06024655396444275,0.0
0.034050431018789726,0.01096111765942249,0.026320494320511468,0.8101162790389911,0.0,0.06930374205571199,0.04924793590657333
0.0,0.012850201775050701,0.03180755404981507,0.8516356564207557,0.01704464785655943,0.06529288774833221,0.02136905214948689
0.0,0.014903228537093392,0.03287257472062534,0.8461569753862868,0.00019058210703826235,0.08373988778869028,0.022136751460265974
0.0018513610760382924,0.007911696179135874,0.017976195737753446,0.9195877589689325,0.0,0.04720621966088501,0.005466768377254837
0.0,0.0,0.038180944954176226,0.9063968217698046,0.0,0.05542223327601919,0.0
0.0,0.0,0.0,0.9433459632397753,0.0,0.0364972919337445,0.02015674482648028
0.0037035122980055178,0.002510587012503621,0.03488957267016727,0.8956438869835893,0.0,0.02562997829006046,0.03762246274567385
0.027883843658324883,0.011316722708314861,0.03411911737568295,0.8566220433733313,0.0,0.046162722604972325,0.023895550279373713
0.0,0.0,0.013940520837289723,0.9407465608261504,0.0,0.04531291833655987,0.0
0.008882502457545953,0.0,0.03695246128276275,0.887214379643478,0.0,0.055598444011166134,0.01135221260504709
0.0,0.0,0.008508282222603523,0.9368629777042,0.0005807295641858902,0.03834212142029131,0.015705889088719265
0.010628921282156695,0.0,0.012133197041211246,0.8662403298086999,0.005911120451771269,0.06281606129673008,0.042270370119430904
0.007773511919748226,0.0,0.015306339606113082,0.90373150259304,0.004388295168000888,0.05170218281315121,0.0170981678999466
0.011212034035486127,0.008406247657782048,0.0,0.9307142503691355,0.0,0.04966746793759634,0.0
0.0,0.0,0.01656809022677791,0.9471601168770136,0.0,0.036271792896208424,0.0
0.0,0.0,0.01777299959047386,0.9056278934353409,0.0,0.06036738226008836,0.016231724714096753
0.001392627678206318,0.0,0.0018871120379251006,0.8953761280615924,0.0026379066578747414,0.07120097068423777,0.027505254880163595
0.0,0.0008446254238224616,0.0,0.95406080015857,0.0,0.028372791906592792,0.016721782511014846
0.004831335957216891,0.0009062049740732082,0.01829672628189132,0.8817805930855152,0.005050837571285745,0.06745456684813626,0.02167973528188156
0.0,0.011721092001741542,0.022994703532777154,0.8873517904777404,0.00012748582772890147,0.055344776475182954,0.02246015168482927
0.00663545713734386,0.0,0.016268080501501695,0.9077014804669383,0.0,0.05716390659775503,0.012231075296461356
0.0029323849799954794,0.0,0.0,0.9013661555710701,0.0,0.06412603618818644,0.031575423260747894
0.0,0.0,0.0,0.9761338770031645,0.0,0.02386612299683557,0.0
0.0079541545913669,0.0,0.0,0.9646778219882717,0.0,0.02736802342036138,0.0
0.0,0.0,0.02822307381393927,0.9176498452919234,0.0,0.02853924171676837,0.025587839177368964
0.030656482004307727,0.008815413964637732,0.014615467341359132,0.8552107207821651,0.0,0.047801657604236415,0.0429002583032939
0.0,0.0,0.011862101451739378,0.9608056188881637,0.0,0.027332279660096874,0.0
0.0,0.0,0.014353708245698394,0.8923631258042224,0.0,0.05430093359079974,0.038982232359279445
0.0,0.0,0.022879486011661076,0.8433269354953239,0.0,0.09040196713059198,0.04339161136242306
0.02220790643640572,0.0,0.0,0.9051422392094997,0.0,0.07264985435409461,0.0
0.0,0.001486140578102423,0.04676618803157129,0.8659107249870831,0.0,0.06341396861307008,0.022422977790173063
0.0,0.011040626422207248,0.013410203412907988,0.9038040461844065,0.0,0.055504820153837044,0.016240303826641284
0.021647523173489322,0.012535144306960313,0.02433389902330432,0.8775148709814362,0.0,0.0540673138962899,0.009901248618519924
0.0,0.0,0.023851945093718598,0.9118040760651048,0.0,0.027392973380066295,0.03695100546111023
0.022628100922193285,0.0,0.025249693837657055,0.8890445900699354,0.006975818468895327,0.04214330152785332,0.013958495173465556
0.018136447566311043,0.0,0.05454215566364413,0.8473205872378322,0.0,0.06935474415545644,0.010646065376756149
0.026682047890169678,0.0,0.025683318211214647,0.8459950558181442,0.009695346935819499,0.047560893750761654,0.04438333739389034
0.0,0.008213141761651265,0.0,0.8986080745931383,0.00751831197215197,0.04935970731880072,0.03630076435425768
0.0041200270796627695,0.0,0.026918419982159044,0.9179858444865286,0.0,0.02695706192721049,0.024018646524439014
0.0006181280321911771,0.0,0.023337999803731697,0.9261154924510109,0.0,0.035322640665279785,0.01460573904778634
0.002215234784029487,0.0,0.026925680798794045,0.910796097319416,0.0,0.05475610467718414,0.005306882420576431
0.0,0.0,0.03384964604518358,0.8963510769695167,0.0,0.034990736612673934,0.034808540372625776
0.009370348100441966,0.0,0.00992354479294934,0.9178119721947168,0.0,0.026572956072757718,0.03632117883913414
0.0,0.0018811789797184373,0.02456104637112445,0.8857894255617768,0.0,0.0472284817457866,0.040539867341593615
0.025361949365573715,0.0,0.030647924200975122,0.8774379336079116,0.002468594403518915,0.04377924436664518,0.020304354055375545
0.012647724617675046,0.0,0.017036601579005103,0.9234625075457694,0.0,0.03320166035254611,0.01365150590500444
0.0404197334694885,0.017127651721799482,0.026765589700048217,0.8418923425305829,0.005112408257738752,0.06358747847394229,0.0050947958463998695
0.004747961912639088,0.009553230067559034,0.03175216514998828,0.8619236577291367,0.0005093088072100031,0.050185239427284846,0.04132843690618212
0.0,0.0,0.027527048375442703,0.9197599522538559,0.0043063982743864445,0.01968772533251191,0.028718875763803078
0.0,0.0,0.0,0.9776946489418991,0.0,0.0,0.022305351058100917
0.0,0.0,0.03626057163887203,0.8695011180560507,0.00014791266148726767,0.07472718845359991,0.019363209189990127
0.0,0.0,0.00328026596458768,0.9639986537361364,0.0,0.03137447174508624,0.0013466085541897703
0.004889385666134377,0.0,0.007605038592899908,0.9463780138614853,0.0,0.026503759465562972,0.014623802413917362
0.024371854575561687,0.0,0.025941334146474513,0.8426085299160526,0.017068510758487088,0.07871462652938685,0.011295144074037243
0.022923115401740676,0.0,0.00014174360157271642,0.8683366193566823,0.0,0.063589266066739,0.045009255573265294
0.015091722681232668,0.008395893003120665,0.049768028944281645,0.9041189214913052,0.0,0.010240258145539999,0.012385175734519761
0.0006962629414982276,0.0,0.01429257423207015,0.9214028576218993,0.006094644237445874,0.021059641385927187,0.03645401958115926
0.04660517961975298,0.0,0.03131735564407435,0.8558147720415601,0.011226997415768958,0.022786262142530902,0.03224943313631272
0.0,0.0,0.0,0.9486566801348384,0.0,0.051343319865161566,0.0
0.0,0.0,0.014788439398483967,0.8859880530691374,0.015563416059343995,0.04367557171366811,0.03998451975936657
0.033770236177776504,0.0,0.03128978345097063,0.807653791409128,0.0,0.05609463134855542,0.0711915576135695
0.0022448765200500237,0.0,0.0,0.9535439226526942,0.0,0.04421120082725577,0.0
0.010185486688227881,0.004552656687853895,0.02083748200881346,0.8896716073370315,0.0,0.045422310295353076,0.029330456982720212
0.0,0.006619318848988664,0.01193302140584776,0.9368977645895917,0.0,0.040006039133768406,0.004543856021803583
0.0014505806827308171,0.0,0.010367845845575067,0.9543035175092953,0.0,0.02088041080878797,0.012997645153610906
0.0,0.0002722046733539255,0.0,0.9418031543979543,0.0,0.01751465178971632,0.04040998913897555
0.0,0.0,0.0,0.944869740393911,0.0,0.030908034908732437,0.024222224697356555
0.010263403367379782,0.0,0.03356240310457544,0.8631401613613767,0.0018867662259160851,0.056886503535656587,0.03426076240509527
0.0024072566727515797,0.0038012934480421076,0.00027445412610128055,0.8855399600542427,0.0,0.05736237203251528,0.05061466366634699
0.0,0.0,0.008004571230643064,0.9285819295857475,0.0,0.03848483257977819,0.024928666603831234
0.0,0.0037500591480169234,0.02570190059680684,0.8658282809796092,0.0,0.058214890839919944,0.04650486843564718
0.0,0.0,0.017869646267138106,0.9583608943367532,0.0,0.023769459396108722,0.0
0.0,0.013328804559476479,0.03398129435891623,0.9133089503692894,0.0,0.03878634224157285,0.0005946084707450547
0.029601193661193317,0.014919522011935991,0.03185293916627566,0.8216127657448163,0.0,0.06314699029511178,0.038866589120666865
0.017803636108080313,0.0,0.010102401058500734,0.8883329154663776,0.026160826687443146,0.05760022067959822,0.0
0.0,0.0,0.03478935622211921,0.9100631915956887,0.0,0.04199114981490319,0.013156302367288862
0.03185927615443476,0.0,0.027501869164658254,0.866268422609136,0.009639140209287727,0.0533992736272006,0.011332018235282734
0.0,0.02015659040218657,0.05025280981409506,0.9200846821845252,0.004276528941114414,0.005229388658078764,0.0
0.0,0.0,0.013625898876697103,0.883516031146993,0.0,0.06644017481831306,0.03641789515799685
0.012096707948510093,0.0,0.023063548087276783,0.9152437369413381,0.0,0.04599118013576868,0.0036048268871063604
0.030646406037012856,0.0,0.03841561493622045,0.83809761978829,0.0,0.07069071613688375,0.02214964310159289
0.0033944780386768888,0.0011210767895360294,0.06784556126967443,0.8927075170401509,0.0,0.025956964260340044,0.008974402601621639
0.008415612500932085,0.00920397828845933,0.033787289775239454,0.8729460689675328,0.014634846281007812,0.06101220418682851,0.0
0.0,0.0,0.03784784803100912,0.8969416613203385,0.0,0.03502302652791017,0.03018746412074219
0.0,0.0,0.03163646015181341,0.8803265138862794,0.0,0.04894157423227529,0.03909545172963193
0.0,0.0,0.03930548649780947,0.9440475218329368,0.0,0.016646991669253743,0.0
0.022257431765911724,0.0,0.01796472042303564,0.9007453210220712,0.0,0.03186872588823177,0.027163800900749744
0.0,0.014525637552836056,0.017663948796225855,0.8877329942597939,0.002450305150193757,0.04849769949473367,0.029129414746216553
0.010609903880701156,0.0,0.018501741876773496,0.8759575216085129,0.0023688276948435586,0.06000672930528022,0.03255527563388893
0.0,0.0,0.02089473329041644,0.9012912316808281,0.009192305662766184,0.0681273626835081,0.000494366682481123
0.0034070107013193063,0.0,0.039145423595502445,0.887305391246572,0.0010488195035568823,0.06909335495304937,0.0
0.0,0.0,0.0,0.9461419099101365,0.0,0.029565623249872216,0.0242924668399913
0.0,0.0,0.0,0.9000649165038328,0.018439430668793996,0.07654215075967136,0.004953502067701879
0.015340248599683587,0.0,0.002857985641614372,0.9030215040029239,0.0,0.04706086058947545,0.03171940116630274
0.015739034676526552,0.0,0.0,0.8909373927637096,0.0,0.054941744105569366,0.0383818284541944
0.02308474297696859,0.007300705837181103,0.025077085613840228,0.849186473192886,0.005339127138593054,0.06338171665970353,0.026630148580827483
0.0068438466454647726,0.0,0.0,0.9540018452706102,0.0,0.017122361643135128,0.022031946440789887
0.00014873798326182493,0.0,0.04128706546936214,0.9130238940328701,0.0,0.03210773960181769,0.013432562912688222
0.005329150668666552,0.0,0.004082655949687402,0.9162376541346461,0.0,0.038276877583781,0.036073661663219
0.0,0.0,0.008770427456447839,0.9243871143423281,0.0,0.05533915495976623,0.011503303241457792
0.020209675156483073,0.0,0.026989866096657468,0.8835504679987518,0.010732599775924995,0.04379884508762748,0.014718545884555142
0.027230099588203233,0.021805941620062594,0.0,0.851287867117186,0.0,0.05475024604591604,0.04492584562863223
0.030287119077490595,0.0,0.018926543538126187,0.878330228637495,0.0,0.05673987763521136,0.015716231111676908
0.01785290904894165,0.009919869565261799,0.03106472327066319,0.8221735865733685,0.0062673143227979415,0.07882852130102982,0.03389307591793718
0.0,0.016325481591377426,0.017537597492908934,0.9060069312600948,0.0,0.038238767078356405,0.02189122257726249
0.0006784206115848125,0.0,0.0,0.9406442609115774,0.0,0.05246131202659746,0.0062160064502404
0.0,0.0,0.006652719157157966,0.9206938482064345,0.0,0.05961104877674066,0.013042383859666913
0.0,0.0,0.014730473412048369,0.8847045107857998,0.0,0.06269147750479621,0.03787353829735559
0.002631186450723156,0.006582770409309044,0.018886025114721136,0.8475254220246821,0.010072911214624383,0.06348726027107207,0.05081442451486815
0.0027407332666712584,0.0,0.00026849908596376075,0.9633428679387235,0.0,0.033647899708641515,0.0
0.019547102626576128,0.0,0.02318015947143053,0.8884167234317963,0.0,0.04992404613432799,0.018931968335868993
0.0,0.0052794195251728996,0.02511130447905889,0.9340996173709378,0.0,0.03550965862483045,0.0
0.0,0.009323023573774592,0.006597010222915159,0.8948166251533191,0.0,0.06383654887338049,0.0254267921766107
0.008139520271449655,0.009233339784638056,0.03008634052359822,0.8510192139295794,0.005405274765099151,0.08437631828097195,0.011739992444663594
0.0,0.0,0.005645146031672656,0.9300730279741186,0.0005764029080536989,0.06367152416095206,3.3898925202817055e-05
0.011824540253973514,0.0,0.0348576357487544,0.8545725258705779,0.0,0.06785909670082774,0.030886201425866417
0.045024593825251424,0.0,0.004015046411761076,0.8843759028244521,0.013113628125698065,0.02079230745111111,0.03267852136172637
0.0,0.0,0.023797141689526895,0.911885546221183,0.0,0.04812154901563022,0.016195763073659827
0.0,0.0,0.01953843607250153,0.9769991839038344,0.0,0.0,0.003462380023664068
0.0,0.0,0.02823012448124212,0.932045218046116,0.007022769557539614,0.032701887915102264,0.0
0.0,0.0,0.0073461972862938025,0.9375402474740051,0.0,0.04155925066200198,0.013554304577699103
0.0,0.0,0.05116773162138949,0.8847214005242382,0.0,0.03257009498882357,0.03154077286554876
0.0017784565826475239,0.008355672771176777,0.02624795583035287,0.8305396672845758,0.009365803660662702,0.0688339469406256,0.05487849692995859
0.0,0.0,0.02478414564774151,0.9150281991597051,0.0,0.03394534502720564,0.026242310165347758
0.0,0.0,0.0,0.9756450540069457,0.0,0.011855625203099756,0.012499320789954613
0.0076876894000041,0.0,0.028175257572595713,0.92002719122543,0.0,0.04410986180197027,0.0
0.0035326095841951583,0.0,0.01855156912001198,0.9191877643539661,0.0,0.04326939551900572,0.015458661422821022
0.0,0.0,0.008630664479479102,0.9477277266403438,0.0014918035364193869,0.04113356058835481,0.001016244755402917
0.0,0.0,0.013145453704016884,0.9609935658196785,0.0,0.01588402043874765,0.009976960037556942
0.02911741132014078,0.014554098122408413,0.0023155757308595984,0.8801495680868149,0.0,0.047505847005313837,0.0263574997344625
0.038740289230511836,0.0,0.006723129947614615,0.9545365808218735,0.0,0.0,0.0
0.0277642887649639,0.028991275266991808,0.009094109119606243,0.8443211340119737,0.0034726733316126847,0.03456809305823583,0.05178842644661581
0.04176096373603873,0.00657868767586769,0.0,0.8465416552025441,0.0,0.029355157425988876,0.07576353595956065
0.030168580765106354,0.0,0.026432942383586403,0.858609848785459,0.0,0.03268075374568673,0.05210787432016148
0.003876043588673826,0.0,0.009859368697467253,0.8897195903267119,0.0,0.0540380551097567,0.04250694227739039
0.009572865538855235,0.0,0.007677325783402133,0.9308712724947261,0.0,0.050692043596300404,0.0011864925867161556
0.0,0.0,0.04882228469421509,0.8938568526078421,0.0,0.03285109056978731,0.024469772128155643
0.002412396712666316,0.0,0.019198233707015434,0.9256293388877803,0.008089207280113633,0.04467082341242435,0.0
0.0,0.0,0.02716567335238004,0.8882666411877951,0.000589720871107192,0.05549016989809426,0.028487794690623344
0.0,0.0,0.021511076521718034,0.8882663925672469,0.0,0.05401328846560705,0.03620924244542786
0.0,0.0,0.0,0.9366658092756336,0.0,0.05432010212715895,0.009014088597207447
0.002821028455812366,0.006019892011082184,0.0220946227490275,0.9068353647056242,0.0,0.04389023977374522,0.018338852304708518
0.0,0.0,0.0,0.9478439046400423,0.0,0.042312753651419635,0.009843341708538062
0.0012714820594753077,0.0,0.0005965906807507912,0.9488322670729881,0.0,0.04174031749538461,0.007559342691401172
0.0,0.017150022729280345,0.015607970985229843,0.8992452435857546,0.0008940628733768258,0.05264539655135761,0.014457303275000697
0.0,0.0,0.01651519909343428,0.8975655384073485,4.2543598200896095e-05,0.035555502745984076,0.05032121615503222
0.008433220865099381,0.013340224064562015,0.012194131026074794,0.8934375413066176,0.011040046423672368,0.058886210513058104,0.002668625800915744
0.012001189637963799,0.016236771651920945,0.0,0.8934084265364175,0.0,0.04749510312039072,0.03085850905330706
0.0025943235892720963,0.0,0.004027373944992468,0.9121178578062308,0.0,0.06194425429859932,0.01931619036090532
0.006895189617740821,0.013183376461212329,0.015493985397800562,0.8824718205813858,0.017940847941670477,0.0609414287180749,0.0030733512821150863
0.017747894741238942,0.0,0.04230272031119283,0.8675676124300267,0.00580583840095298,0.038239495051484086,0.02833643906510454
0.0,0.0,0.012540548336583413,0.875146392779268,0.023589002614622802,0.06415174211182312,0.02457231415770267
0.0,0.0,0.017558380306598616,0.9613268459833256,0.0,0.021114773710075762,0.0
0.0,0.0,0.005930208857531845,0.9266155818344122,0.0,0.038567072935484205,0.028887136372571804
0.0,0.025834510047498687,0.0,0.9207051965871751,0.0,0.04616830819605482,0.00729198516927135
0.018641183726145694,0.003946850356868739,0.0,0.9393576252440226,0.0,0.025473454252627845,0.012580886420335117
0.006249950671065114,0.0,0.0,0.9413363798204168,0.0,0.04985045144238295,0.002563218066135049
0.008595358348263893,0.0,0.05878915125173048,0.8814510683488674,0.0,0.014827640289718587,0.036336781761419586
0.0,0.0050835116039078644,0.0,0.9370648069901647,0.0,0.057851681405927446,0.0
0.0,0.01268222305001718,0.01103647193886413,0.934922798743935,0.0,0.041358506267183626,0.0
0.0,0.0,0.015035210041080082,0.9562377557646683,0.0,0.0006112528816535251,0.02811578131259806
